antecedents,consequents,antecedent support,consequent support,support,confidence,lift,representativity,leverage,conviction,zhangs_metric,jaccard,certainty,kulczynski
herb & pepper,ground beef,0.049460072,0.098253566,0.015997866951073192,0.3234501347708895,3.2919938411349285,1,0.011138238493944044,1.3328602667054752,0.7324602618045816,0.12145748987854252,0.24973380557605593,0.24313619357269034
ground beef,herb & pepper,0.098253566,0.049460072,0.015997866951073192,0.1628222523744912,3.291993841134928,1,0.011138238493944044,1.1354099302156795,0.7720936822393062,0.12145748987854252,0.11926082960183147,0.24313619357269034
"spaghetti, mineral water",ground beef,0.05972537,0.098253566,0.017064391414478068,0.2857142857142857,2.907927893,1,0.011196161,1.2624450073323557,0.6977881752445767,0.12109744560075686,0.20788628875559684,0.22969567745687147
ground beef,"spaghetti, mineral water",0.098253566,0.05972537,0.017064391414478068,0.17367706919945725,2.907927893,1,0.011196161,1.1379021384997599,0.727602011,0.12109744560075686,0.12118980519851537,0.22969567745687147
"spaghetti, mineral water",olive oil,0.05972537,0.065857886,0.010265297960271964,0.171875,2.6097861842105265,1,0.006331911,1.1280206664268664,0.6560071149607517,0.089017341,0.11349141929499072,0.16387272267206476
olive oil,"spaghetti, mineral water",0.065857886,0.05972537,0.010265297960271964,0.15587044534412955,2.6097861842105265,1,0.006331911,1.1138984826004015,0.6603137122617643,0.089017341,0.10225212115784997,0.16387272267206476
tomatoes,frozen vegetables,0.068390881,0.095320624,0.016131183,0.23586744639376217,2.4744639376218323,1,0.009612121,1.1839298977823367,0.6396159650309622,0.1093044263775971,0.15535539572643825,0.2025491078122657
frozen vegetables,tomatoes,0.095320624,0.068390881,0.016131183,0.1692307692307692,2.4744639376218323,1,0.009612121,1.1213813466846394,0.6586555207244862,0.1093044263775971,0.1082427017744705,0.2025491078122657
shrimp,frozen vegetables,0.071457139,0.095320624,0.016664445,0.23320895522388058,2.446573948,1,0.009853106,1.1798251717289276,0.6367666905958362,0.11101243339253997,0.1524167953336764,0.2040170650245277
frozen vegetables,shrimp,0.095320624,0.071457139,0.016664445,0.17482517482517482,2.4465739484396196,1,0.009853106,1.1252680433569309,0.6535632183908046,0.11101243339253997,0.11132284800626507,0.2040170650245277
"mineral water, milk",frozen vegetables,0.047993601,0.095320624,0.011065191307825623,0.23055555555555557,2.418737373737374,1,0.006490411,1.175756589855408,0.6161315194962739,0.083669355,0.14948382290336315,0.1733197358197358
frozen vegetables,"mineral water, milk",0.095320624,0.047993601,0.011065191307825623,0.11608391608391608,2.4187373737373736,1,0.006490411,1.0770325559967533,0.6483635692194063,0.083669355,0.07152296,0.1733197358197358
"ground beef, mineral water",spaghetti,0.040927876283162246,0.17411011865084655,0.017064391414478068,0.41693811074918563,2.3946805273580716,1,0.009938434,1.416470355163073,0.6072616937725882,0.086195286,0.2940198173897726,0.2574736495552973
spaghetti,"ground beef, mineral water",0.17411011865084655,0.040927876283162246,0.017064391414478068,0.098009188,2.3946805273580716,1,0.009938434,1.063283695733608,0.705188156,0.086195286,0.059517226,0.2574736495552973
"frozen vegetables, mineral water",milk,0.03572857,0.12958272230369283,0.011065191307825623,0.3097014925373134,2.3899906332534853,1,0.006435386,1.2609288130951908,0.6031375606115877,0.071737252,0.2069338176631012,0.19754621951968548
milk,"frozen vegetables, mineral water",0.12958272230369283,0.03572857,0.011065191307825623,0.085390947,2.3899906332534853,1,0.006435386,1.0542990218477055,0.6681718449844715,0.071737252,0.051502487,0.19754621951968548
"mineral water, milk",ground beef,0.047993601,0.098253566,0.011065191307825623,0.23055555555555557,2.3465362581034226,1,0.006349649,1.1719448237226613,0.6027690090989922,0.081854043,0.14671750772061243,0.1715871400572893
ground beef,"mineral water, milk",0.098253566,0.047993601,0.011065191307825623,0.11261872455902307,2.3465362581034226,1,0.006349649,1.0728267831363565,0.6363650937279574,0.081854043,0.067883077,0.1715871400572893
soup,milk,0.050526596,0.12958272230369283,0.015197973603519531,0.3007915567282322,2.3212319619531585,1,0.0086506,1.2448609367807564,0.5994841780103165,0.092158448,0.19669742181321334,0.2090377536727581
milk,soup,0.12958272230369283,0.050526596,0.015197973603519531,0.11728395061728396,2.321231961953158,1,0.0086506,1.0756272124089747,0.6539326567298934,0.092158448,0.070309873,0.2090377536727581
tomatoes,shrimp,0.068390881,0.071457139,0.011198506865751233,0.16374269005847952,2.2914811905385353,1,0.00631149,1.1103554491102818,0.6049758770136561,0.087046632,0.099387497,0.16022955398446365
shrimp,tomatoes,0.071457139,0.068390881,0.011198506865751233,0.15671641791044774,2.2914811905385353,1,0.00631149,1.1047400169652895,0.6069736437288482,0.087046632,0.094809652,0.16022955398446365
spaghetti,ground beef,0.17411011865084655,0.098253566,0.039194774,0.22511485451761104,2.2911621760333793,1,0.022087833962715117,1.1637162475833263,0.6823431228827286,0.16809605488850773,0.1406839922732999,0.31201468641755725
ground beef,spaghetti,0.098253566,0.17411011865084655,0.039194774,0.3989145183175034,2.291162176033379,1,0.022087833962715117,1.3739973872558149,0.6249431765609852,0.16809605488850773,0.2721965781920247,0.31201468641755725
grated cheese,ground beef,0.052393014,0.098253566,0.011331822423676844,0.2162849872773537,2.201294015695292,1,0.006184022,1.1506050275547675,0.5758946009467377,0.081339713,0.13089202980003403,0.16580870802130915
ground beef,grated cheese,0.098253566,0.052393014,0.011331822423676844,0.1153324287652646,2.201294015695292,1,0.006184022,1.0711447062682031,0.6051831495460396,0.081339713,0.066419323,0.16580870802130915
olive oil,ground beef,0.065857886,0.098253566,0.014131449140114652,0.2145748987854251,2.183889166607156,1,0.007660677,1.1480998409834016,0.5803199495921868,0.094222222,0.12899561144137695,0.17920061085811284
ground beef,olive oil,0.098253566,0.065857886,0.014131449140114652,0.14382632293080055,2.183889166607156,1,0.007660677,1.0910661462782247,0.6011682269060398,0.094222222,0.083465284,0.17920061085811284
"chocolate, spaghetti",milk,0.039194774,0.12958272230369283,0.010931875749900012,0.2789115646258503,2.152382352117802,1,0.00585291,1.2070881115222372,0.5572394047792288,0.069256757,0.1715600622236948,0.1816368522717729
milk,"chocolate, spaghetti",0.12958272230369283,0.039194774,0.010931875749900012,0.08436214,2.152382352117802,1,0.00585291,1.0493288535311398,0.6151055889483691,0.069256757,0.047009909,0.1816368522717729
"mineral water, olive oil",spaghetti,0.027596320490601255,0.17411011865084655,0.010265297960271964,0.3719806763285024,2.136467881,1,0.005460499,1.3150708110713443,0.5470338545468789,0.053621169916434536,0.23958467363036265,0.21546966435108122
spaghetti,"mineral water, olive oil",0.17411011865084655,0.027596320490601255,0.010265297960271964,0.058958652373660034,2.136467881,1,0.005460499,1.033327262359052,0.6440782784608451,0.053621169916434536,0.032252379,0.21546966435108122
"ground beef, eggs",mineral water,0.019997333688841486,0.23836821757099053,0.010131982402346354,0.5066666666666667,2.125563012677107,1,0.005365254,1.5438482076263709,0.5403418081320838,0.040816327,0.3522679269502305,0.27458613
mineral water,"ground beef, eggs",0.23836821757099053,0.019997333688841486,0.010131982402346354,0.042505592841163314,2.125563012677107,1,0.005365254,1.023507457572635,0.6952656452965076,0.040816327,0.022967549,0.27458613
"chocolate, mineral water",ground beef,0.052659645,0.098253566,0.010931875749900012,0.20759493670886073,2.112848874156261,1,0.005757878,1.1379867135926072,0.5559832638855519,0.078095238,0.12125511831063931,0.1594284045823815
ground beef,"chocolate, mineral water",0.098253566,0.052659645,0.010931875749900012,0.1112618724559023,2.112848874156261,1,0.005757878,1.0659386890908182,0.5840947772280797,0.078095238,0.061859739,0.1594284045823815
"ground beef, milk",mineral water,0.021997067057725635,0.23836821757099053,0.011065191307825623,0.503030303,2.1103077757440176,1,0.00582179,1.5325517573266656,0.537969216,0.044385027,0.3474934890653427,0.27472544234289203
mineral water,"ground beef, milk",0.23836821757099053,0.021997067057725635,0.011065191307825623,0.046420581655480984,2.1103077757440176,1,0.00582179,1.0256124598831593,0.6908003095877295,0.044385027,0.024972843920087633,0.27472544234289203
"spaghetti, mineral water",frozen vegetables,0.05972537,0.095320624,0.011998400213304892,0.20089285714285715,2.1075487012987013,1,0.006305341,1.1321127387856667,0.5588953479212944,0.08387698,0.11669574438970991,0.16338349150849152
frozen vegetables,"spaghetti, mineral water",0.095320624,0.05972537,0.011998400213304892,0.12587412587412586,2.1075487012987013,1,0.006305341,1.0756741767764297,0.5808854831843338,0.08387698,0.070350463,0.16338349150849152
red wine,spaghetti,0.028129582722303693,0.17411011865084655,0.010265297960271964,0.36492890995260663,2.095966120638976,1,0.005367653,1.3004683952587415,0.5380275417312455,0.053472222,0.23104628790226028,0.21194378116313334
spaghetti,red wine,0.17411011865084655,0.028129582722303693,0.010265297960271964,0.058958652373660034,2.095966120638976,1,0.005367653,1.0327605898817505,0.6331268408750249,0.053472222,0.031721379,0.21194378116313334
"ground beef, mineral water",milk,0.040927876283162246,0.12958272230369283,0.011065191307825623,0.2703583061889251,2.0863761879867564,1,0.005761646,1.1929379654141352,0.5429206400246525,0.069397993,0.16173344382342275,0.17787462634549134
milk,"ground beef, mineral water",0.12958272230369283,0.040927876283162246,0.011065191307825623,0.085390947,2.0863761879867564,1,0.005761646,1.0486142904980498,0.5982188825757925,0.069397993,0.046360507,0.17787462634549134
"chocolate, mineral water",milk,0.052659645,0.12958272230369283,0.013998133582189041,0.26582278481012656,2.0513752148773245,1,0.007174353,1.1855683610001424,0.5410116199589884,0.083201268,0.15652270008588748,0.18692373808407564
milk,"chocolate, mineral water",0.12958272230369283,0.052659645,0.013998133582189041,0.1080246913580247,2.0513752148773245,1,0.007174353,1.0620701553518355,0.5888234907992911,0.083201268,0.058442613,0.18692373808407564
milk,"spaghetti, mineral water",0.12958272230369283,0.05972537,0.015731236,0.12139917695473253,2.0326232730746625,1,0.00799186,1.070195480571365,0.5836567491582536,0.0906298,0.06559127,0.19239601704879483
"spaghetti, mineral water",milk,0.05972537,0.12958272230369283,0.015731236,0.26339285714285715,2.032623273074662,1,0.00799186,1.1816573951755929,0.5402941890336365,0.0906298,0.1537310187515043,0.19239601704879483
ground beef,"eggs, mineral water",0.098253566,0.050926543,0.010131982402346354,0.10312075983717775,2.0248921977452103,1,0.005128268,1.0581953671936026,0.5612958697749696,0.072866731,0.054994917760734695,0.15103681970916477
"eggs, mineral water",ground beef,0.050926543,0.098253566,0.010131982402346354,0.19895287958115182,2.024892198,1,0.005128268,1.1257096003757232,0.533305979,0.072866731,0.11167142958873741,0.15103681970916477
pancakes,"spaghetti, mineral water",0.095053993,0.05972537,0.011465137981602452,0.12061711079943899,2.0195289020236427,1,0.005788003,1.069243718062472,0.5578620273807402,0.08,0.064759528,0.15629069825686234
"spaghetti, mineral water",pancakes,0.05972537,0.095053993,0.011465137981602452,0.1919642857142857,2.019528902023642,1,0.005788003,1.1199331801800276,0.5369016648036955,0.08,0.10708958561326709,0.15629069825686234
olive oil,spaghetti,0.065857886,0.17411011865084655,0.022930275963204905,0.3481781376518219,1.999758201015556,1,0.011463752,1.267048451510813,0.5351857444880701,0.10565110565110565,0.2107641986321737,0.23993899225623253
spaghetti,olive oil,0.17411011865084655,0.065857886,0.022930275963204905,0.13169984686064318,1.9997582010155557,1,0.011463752,1.0758285726512185,0.6053343844435686,0.10565110565110565,0.070483881,0.23993899225623253
olive oil,milk,0.065857886,0.12958272230369283,0.017064391414478068,0.2591093117408907,1.9995668182802688,1,0.008530347,1.1748255059616823,0.5351345083487942,0.095665172,0.14880976372620938,0.1953982772696223
milk,olive oil,0.12958272230369283,0.065857886,0.017064391414478068,0.13168724279835392,1.9995668182802688,1,0.008530347,1.0758129563767487,0.5743126818808394,0.095665172,0.070470388,0.1953982772696223
"chocolate, ground beef",mineral water,0.023063591521130515,0.23836821757099053,0.010931875749900012,0.47398843930635837,1.988471634920019,1,0.005434249,1.4479373446177872,0.508836804,0.043640234,0.309362381,0.25992486842275414
mineral water,"chocolate, ground beef",0.23836821757099053,0.023063591521130515,0.010931875749900012,0.045861298,1.988471634920019,1,0.005434249,1.023893492590984,0.6526791698863952,0.043640234,0.023335916053652195,0.25992486842275414
"eggs, mineral water",milk,0.050926543,0.12958272230369283,0.013064924676709772,0.25654450261780104,1.979773985736755,1,0.006465725,1.1707725354929202,0.5214473484294687,0.078025478,0.1458631205599825,0.17868377394264537
milk,"eggs, mineral water",0.12958272230369283,0.050926543,0.013064924676709772,0.10082304526748971,1.9797739857367547,1,0.006465725,1.0554913044393472,0.5685684903460542,0.078025478,0.05257391,0.17868377394264537
"frozen vegetables, milk",mineral water,0.023596853752832957,0.23836821757099053,0.011065191307825623,0.46892655367231634,1.9672360621342533,1,0.005440451,1.434136441382284,0.5035549077796714,0.044102019,0.30271627500368364,0.25767356766389865
mineral water,"frozen vegetables, milk",0.23836821757099053,0.023596853752832957,0.011065191307825623,0.046420581655480984,1.9672360621342533,1,0.005440451,1.0239347950087594,0.645551574,0.044102019,0.023375312,0.25767356766389865
turkey,burgers,0.062524997,0.087188375,0.010665244634048793,0.1705756929637527,1.9564040870353345,1,0.005213792,1.1005363809247029,0.5214625995449373,0.076701822,0.091352165,0.14644992599257972
burgers,turkey,0.087188375,0.062524997,0.010665244634048793,0.12232415902140673,1.9564040870353345,1,0.005213792,1.0681335403827688,0.5355520665985102,0.076701822,0.063787474,0.14644992599257972
"chocolate, milk",spaghetti,0.032129049,0.17411011865084655,0.010931875749900012,0.34024896265560167,1.954217051209547,1,0.005337883,1.2518205119820502,0.5044950614795404,0.055972696,0.20116343323319907,0.2015180494748146
spaghetti,"chocolate, milk",0.17411011865084655,0.032129049,0.010931875749900012,0.062787136,1.9542170512095467,1,0.005337883,1.032711978272178,0.5912242366975728,0.055972696,0.031675800184779716,0.2015180494748146
"pancakes, mineral water",spaghetti,0.033728836,0.17411011865084655,0.011465137981602452,0.33992094861660077,1.9523331053392974,1,0.005592606,1.2511984430020109,0.5048192925714872,0.05838425,0.2007662688576469,0.20288543602346118
spaghetti,"pancakes, mineral water",0.17411011865084655,0.033728836,0.011465137981602452,0.065849923,1.9523331053392972,1,0.005592606,1.0343853606404392,0.590626349,0.05838425,0.033242311761981544,0.20288543602346118
"frozen vegetables, mineral water",spaghetti,0.03572857,0.17411011865084655,0.011998400213304892,0.33582089552238803,1.9287844849260587,1,0.005777695,1.2434746528178264,0.4993809238520976,0.060646900269541774,0.19580186235890762,0.20236680304450183
spaghetti,"frozen vegetables, mineral water",0.17411011865084655,0.03572857,0.011998400213304892,0.068912711,1.9287844849260587,1,0.005777695,1.0356402041131358,0.5830544345798583,0.060646900269541774,0.034413693067908716,0.20236680304450183
soup,mineral water,0.050526596,0.23836821757099053,0.023063591521130515,0.45646437994722955,1.9149548735929356,1,0.011019657,1.4012545900028865,0.5032205021321218,0.086760281,0.2863538095543793,0.2766102660362546
mineral water,soup,0.23836821757099053,0.050526596,0.023063591521130515,0.096756152,1.9149548735929356,1,0.011019657,1.051181700025136,0.6273300220873396,0.086760281,0.048689679456855185,0.2766102660362546
frozen vegetables,milk,0.095320624,0.12958272230369283,0.023596853752832957,0.24755244755244757,1.9103815937149273,1,0.011244947814006083,1.1567813263064306,0.526754984,0.11721854304635763,0.13553238001086065,0.21482560649227317
milk,frozen vegetables,0.12958272230369283,0.095320624,0.023596853752832957,0.1820987654320988,1.9103815937149273,1,0.011244947814006083,1.1060985579281253,0.5474895576709907,0.11721854304635763,0.095921432,0.21482560649227317
"pancakes, spaghetti",mineral water,0.025196640447940274,0.23836821757099053,0.011465137981602452,0.455026455,1.908922505119373,1,0.00545906,1.3975573483406096,0.4884516055162587,0.045478582760444204,0.28446585666960245,0.2515624445154646
mineral water,"pancakes, spaghetti",0.23836821757099053,0.025196640447940274,0.011465137981602452,0.048098434,1.908922505119373,1,0.00545906,1.0240589934659712,0.6251633361692427,0.045478582760444204,0.023493757312303267,0.2515624445154646
chicken,milk,0.059992001,0.12958272230369283,0.014798026929742702,0.24666666666666667,1.9035459533607684,1,0.0070241,1.1554211650835937,0.504958085,0.084668192,0.134514729,0.1804320987654321
milk,chicken,0.12958272230369283,0.059992001,0.014798026929742702,0.11419753086419754,1.9035459533607684,1,0.0070241,1.0611936991444115,0.545329983,0.084668192,0.057664967,0.1804320987654321
milk,shrimp,0.12958272230369283,0.071457139,0.017597654,0.1358024691358025,1.9004744794545791,1,0.008338043,1.0744567391014532,0.5443545579860483,0.095930233,0.069297103,0.19103556292611018
shrimp,milk,0.071457139,0.12958272230369283,0.017597654,0.2462686567164179,1.900474479454579,1,0.008338043,1.1548110416960906,0.5102786660575606,0.095930233,0.13405746577268352,0.19103556292611018
herb & pepper,spaghetti,0.049460072,0.17411011865084655,0.016264498,0.32884097035040427,1.8886953434903389,1,0.007652999,1.2305427549419112,0.4950175890373162,0.078456592,0.18735046305058636,0.21112798900368607
spaghetti,herb & pepper,0.17411011865084655,0.049460072,0.016264498,0.093415008,1.8886953434903389,1,0.007652999,1.0484840759970744,0.5697296868177668,0.078456592,0.046242071870254656,0.21112798900368607
spaghetti,"mineral water, milk",0.17411011865084655,0.047993601,0.015731236,0.090352221,1.8825889059043732,1,0.007375064,1.0465659573111912,0.5676502373428545,0.07622739,0.044494049310401115,0.2090649991492258
"mineral water, milk",spaghetti,0.047993601,0.17411011865084655,0.015731236,0.3277777777777778,1.882588905904373,1,0.007375064,1.2285965177094844,0.4924510881303716,0.07622739,0.18606313335126895,0.2090649991492258
"spaghetti, milk",chocolate,0.035461938,0.1638448206905746,0.010931875749900012,0.3082706766917293,1.881479533,1,0.005121621,1.2087895526973216,0.48572825189205576,0.058032554847841464,0.1727261393279116,0.18749579400086872
chocolate,"spaghetti, milk",0.1638448206905746,0.035461938,0.010931875749900012,0.066720911,1.8814795328434997,1,0.005121621,1.0334937033097709,0.560306745,0.058032554847841464,0.032408231615255134,0.18749579400086872
mineral water,"spaghetti, olive oil",0.23836821757099053,0.022930275963204905,0.010265297960271964,0.043064877,1.8780793142916605,1,0.004799449,1.0210407168777262,0.6138676656793234,0.040892193,0.020607128129098866,0.24536964778107279
"spaghetti, olive oil",mineral water,0.022930275963204905,0.23836821757099053,0.010265297960271964,0.4476744186046512,1.8780793142916603,1,0.004799449,1.3789543850293646,0.4785135726601139,0.040892193,0.2748128503331854,0.24536964778107279
mineral water,"spaghetti, milk",0.23836821757099053,0.035461938,0.015731236,0.065995526,1.8610242048073204,1,0.007278237,1.03269105,0.6074608312293994,0.060950413,0.031656176707497895,0.2548022741417302
"spaghetti, milk",mineral water,0.035461938,0.23836821757099053,0.015731236,0.44360902255639095,1.8610242048073202,1,0.007278237,1.3688787440953818,0.47967155892378155,0.060950413,0.26947510558296667,0.2548022741417302
burgers,eggs,0.087188375,0.17970937208372217,0.028796161,0.33027522935779813,1.8378297443715457,1,0.013127592408644938,1.224817512916086,0.49942391639485245,0.1209406494960806,0.18355184388312104,0.24525630904091686
eggs,burgers,0.17970937208372217,0.087188375,0.028796161,0.1602373887240356,1.8378297443715457,1,0.013127592408644938,1.0869876949268955,0.5557541939794498,0.1209406494960806,0.080026384,0.24525630904091686
"chocolate, milk",mineral water,0.032129049,0.23836821757099053,0.013998133582189041,0.43568464730290457,1.827779943746693,1,0.006339589,1.3496563203337595,0.46792207792207796,0.054573805,0.25907063529128077,0.24720473975883483
mineral water,"chocolate, milk",0.23836821757099053,0.032129049,0.013998133582189041,0.058724832,1.827779943746693,1,0.006339589,1.0282550561885866,0.5946287914780826,0.054573805,0.027478646,0.24720473975883483
mineral water,"ground beef, spaghetti",0.23836821757099053,0.039194774,0.017064391414478068,0.071588367,1.8264773470909617,1,0.007721603,1.0348914120687522,0.5941164887099596,0.065506653,0.033715046,0.2534812582751221
"ground beef, spaghetti",mineral water,0.039194774,0.23836821757099053,0.017064391414478068,0.4353741496598639,1.8264773470909614,1,0.007721603,1.3489141206875228,0.47095705564034956,0.065506653,0.2586629610710028,0.2534812582751221
"chocolate, eggs",spaghetti,0.033195574,0.17411011865084655,0.010531929076123183,0.3172690763052209,1.8222322675080107,1,0.004752244,1.2096857673878776,0.4667154237678649,0.053523035,0.17333903815423113,0.18887956112351395
spaghetti,"chocolate, eggs",0.17411011865084655,0.033195574,0.010531929076123183,0.060490046,1.8222322675080105,1,0.004752244,1.0290518178125014,0.5463470949418171,0.053523035,0.028231637,0.18887956112351395
spaghetti,salmon,0.17411011865084655,0.042527663,0.013464871350486601,0.077335375,1.8184722548930186,1,0.006060375,1.0377252051040498,0.54497319,0.066272966,0.036353752,0.19697489762706005
salmon,spaghetti,0.042527663,0.17411011865084655,0.013464871350486601,0.3166144200626959,1.8184722548930183,1,0.006060375,1.2085269364696327,0.470079213,0.066272966,0.1725463704423377,0.19697489762706005
spaghetti,grated cheese,0.17411011865084655,0.052393014,0.016531129,0.094946401,1.812195815749584,1,0.007408975,1.0470175324621127,0.5426670832356999,0.078730159,0.044906155822958156,0.20523401486192128
grated cheese,spaghetti,0.052393014,0.17411011865084655,0.016531129,0.3155216284987277,1.8121958157495839,1,0.007408975,1.2065974846476477,0.47296322181276895,0.078730159,0.1712232018351827,0.20523401486192128
frozen vegetables,ground beef,0.095320624,0.098253566,0.016931076,0.17762237762237765,1.807795732083385,1,0.007565485,1.0965113948525684,0.4939210184933781,0.095849057,0.088016773,0.17497129735935707
ground beef,frozen vegetables,0.098253566,0.095320624,0.016931076,0.17232021709633652,1.8077957320833848,1,0.007565485,1.0930306560218201,0.49552750317801064,0.095849057,0.085112577,0.17497129735935707
"frozen vegetables, spaghetti",mineral water,0.027862951606452472,0.23836821757099053,0.011998400213304892,0.43062200956937796,1.806541215760573,1,0.005356758,1.3376558195601933,0.45925214847321266,0.047194546,0.2524235417083676,0.2404787900195883
mineral water,"frozen vegetables, spaghetti",0.23836821757099053,0.027862951606452472,0.011998400213304892,0.050335570469798654,1.806541215760573,1,0.005356758,1.0236637470716508,0.5861835579672092,0.047194546,0.023116719,0.2404787900195883
olive oil,frozen vegetables,0.065857886,0.095320624,0.011331822423676844,0.17206477732793524,1.8051159366948841,1,0.005054208,1.0926934273474214,0.4774637127578304,0.075622776,0.084830223,0.14547294810452704
frozen vegetables,olive oil,0.095320624,0.065857886,0.011331822423676844,0.11888111888111888,1.8051159366948841,1,0.005054208,1.0601771615636433,0.49301329727293214,0.075622776,0.056761420397784035,0.14547294810452704
spaghetti,cooking oil,0.17411011865084655,0.051059859,0.015864551,0.091117917,1.7845313255950646,1,0.006974513,1.0440739886745796,0.5323091948643865,0.075796178,0.042213473,0.20091143907012823
cooking oil,spaghetti,0.051059859,0.17411011865084655,0.015864551,0.31070496083550914,1.7845313255950643,1,0.006974513,1.1981660021088096,0.46328399300152767,0.075796178,0.1653911075427206,0.20091143907012823
"mineral water, milk",chocolate,0.047993601,0.1638448206905746,0.013998133582189041,0.2916666666666667,1.7801396799566043,1,0.006134631,1.1804543707897772,0.46033968831896294,0.070754717,0.1528685693027211,0.18855098996474098
chocolate,"mineral water, milk",0.1638448206905746,0.047993601,0.013998133582189041,0.085435313,1.7801396799566043,1,0.006134631,1.0409393812734815,0.5241208090379009,0.070754717,0.039329265478837354,0.18855098996474098
"eggs, milk",mineral water,0.030795894,0.23836821757099053,0.013064924676709772,0.42424242424242425,1.7797776421937497,1,0.005724162,1.3228341484293324,0.4520534486146591,0.051015096304008335,0.24404733489277514,0.23952613382143584
mineral water,"eggs, milk",0.23836821757099053,0.030795894,0.013064924676709772,0.054809843,1.7797776421937497,1,0.005724162,1.0254064744030185,0.5752544322472557,0.051015096304008335,0.024776978727201675,0.23952613382143584
chocolate,"eggs, spaghetti",0.1638448206905746,0.036528462871617116,0.010531929076123183,0.064279902,1.759720976641148,1,0.00454693,1.0296578427224197,0.5163253196848359,0.055477528,0.02880359,0.17630053512142682
"eggs, spaghetti",chocolate,0.036528462871617116,0.1638448206905746,0.010531929076123183,0.28832116788321166,1.7597209766411477,1,0.00454693,1.1749052263117052,0.4480963615695711,0.055477528,0.1488675191792045,0.17630053512142682
olive oil,mineral water,0.065857886,0.23836821757099053,0.027596320490601255,0.4190283400809717,1.7579035676439423,1,0.011897893683499625,1.3109620227175287,0.46153639321341183,0.099759036,0.23720139663003123,0.2674000760807543
mineral water,olive oil,0.23836821757099053,0.065857886,0.027596320490601255,0.11577181208053693,1.7579035676439423,1,0.011897893683499625,1.0564491464389187,0.5660748306050021,0.099759036,0.053432904583431924,0.2674000760807543
tomatoes,spaghetti,0.068390881,0.17411011865084655,0.020930542594320756,0.3060428849902534,1.7577547322449394,1,0.009022998,1.1901165986857183,0.46273958268770116,0.094464501,0.15974619536915105,0.21312864004489698
spaghetti,tomatoes,0.17411011865084655,0.068390881,0.020930542594320756,0.12021439509954057,1.7577547322449392,1,0.009022998,1.0589047076867848,0.5219732370979266,0.094464501,0.055627959,0.21312864004489698
mineral water,ground beef,0.23836821757099053,0.098253566,0.040927876283162246,0.17170022371364654,1.7475215442008993,1,0.017507349,1.0886715892303713,0.5616375247948704,0.13841298467087468,0.081449346,0.2941269096858599
ground beef,mineral water,0.098253566,0.23836821757099053,0.040927876283162246,0.41655359565807326,1.7475215442008991,1,0.017507349,1.305401450349256,0.4743694824294936,0.13841298467087468,0.2339521304098035,0.2941269096858599
ground beef,tomatoes,0.098253566,0.068390881,0.011731769097453673,0.11940298507462688,1.7458904308865033,1,0.005012121,1.057928999297269,0.47377661147250155,0.075731497,0.054756982,0.14547147304413605
tomatoes,ground beef,0.068390881,0.098253566,0.011731769097453673,0.17153996101364521,1.745890430886503,1,0.005012121,1.0884609895151234,0.45858972524327424,0.075731497,0.081271621,0.14547147304413605
frozen smoothie,milk,0.06332489,0.12958272230369283,0.014264764698040262,0.22526315789473686,1.7383734026424087,1,0.006058953,1.1235005622438747,0.45346523327241145,0.079850746,0.1099247889980734,0.16767273121074291
milk,frozen smoothie,0.12958272230369283,0.06332489,0.014264764698040262,0.11008230452674898,1.7383734026424087,1,0.006058953,1.052541279659822,0.4879838763933165,0.079850746,0.049918498,0.16767273121074291
cooking oil,milk,0.051059859,0.12958272230369283,0.011465137981602452,0.22454308093994776,1.732816512479988,1,0.004848662,1.122457297500625,0.44566019982095834,0.067769898,0.10909751112429901,0.1565102235975459
milk,cooking oil,0.12958272230369283,0.051059859,0.011465137981602452,0.088477366,1.732816512479988,1,0.004848662,1.0410494552569816,0.48586449721635494,0.067769898,0.039430841,0.1565102235975459
turkey,eggs,0.062524997,0.17970937208372217,0.019464071,0.31130063965884863,1.7322448798820649,1,0.008227744,1.1910721501323045,0.4509073978836475,0.087372831,0.1604202987292416,0.20980462250004744
eggs,turkey,0.17970937208372217,0.062524997,0.019464071,0.10830860534124628,1.7322448798820649,1,0.008227744,1.051344679278481,0.5153227404384542,0.087372831,0.048837151,0.20980462250004744
spaghetti,"chocolate, mineral water",0.17411011865084655,0.052659645,0.015864551,0.091117917,1.730317715703569,1,0.006695974,1.0423138189830798,0.5110505219036767,0.075221239,0.040596045,0.19619187004477873
"chocolate, mineral water",spaghetti,0.052659645,0.17411011865084655,0.015864551,0.3012658227848101,1.7303177157035687,1,0.006695974,1.1819800838149117,0.44553306827938044,0.075221239,0.1539620559659178,0.19619187004477873
ground beef,milk,0.098253566,0.12958272230369283,0.021997067057725635,0.22388059701492538,1.7277040722314356,1,0.009265102,1.121499184724088,0.467090479,0.10686528497409327,0.10833640039959494,0.19681684171733924
milk,ground beef,0.12958272230369283,0.098253566,0.021997067057725635,0.1697530864197531,1.7277040722314354,1,0.009265102,1.0861183812418567,0.483902588,0.10686528497409327,0.07929005,0.19681684171733924
"french fries, mineral water",spaghetti,0.033728836,0.17411011865084655,0.010131982402346354,0.30039525691699603,1.7253176279742628,1,0.004259451,1.1805092654312759,0.4350710177762286,0.051247471,0.15290796160361378,0.17929410625329129
spaghetti,"french fries, mineral water",0.17411011865084655,0.033728836,0.010131982402346354,0.058192956,1.7253176279742628,1,0.004259451,1.0259757235620617,0.5090225563909775,0.051247471,0.025318068,0.17929410625329129
olive oil,pancakes,0.065857886,0.095053993,0.010798560191974404,0.1639676113360324,1.7249944637189047,1,0.004538505,1.082429364543162,0.44991868801392615,0.071936057,0.076152188,0.1387860497072869
pancakes,olive oil,0.095053993,0.065857886,0.010798560191974404,0.11360448807854139,1.7249944637189047,1,0.004538505,1.0538660246144396,0.464434332,0.071936057,0.051112782,0.1387860497072869
shrimp,spaghetti,0.071457139,0.17411011865084655,0.021197173710171976,0.2966417910447761,1.7037596283513519,1,0.008755763,1.174209486480494,0.4448504878390153,0.094474153,0.148363208,0.20919378985623185
spaghetti,shrimp,0.17411011865084655,0.071457139,0.021197173710171976,0.1217457886676876,1.7037596283513519,1,0.008755763,1.057259787622621,0.5001426388698534,0.094474153,0.054158673481166486,0.20919378985623185
"chocolate, eggs",mineral water,0.033195574,0.23836821757099053,0.013464871350486601,0.40562248995983935,1.7016634771749188,1,0.005552102,1.2813940123298875,0.4264975725371766,0.052169421,0.21959991198822945,0.23105509285464004
mineral water,"chocolate, eggs",0.23836821757099053,0.033195574,0.013464871350486601,0.056487695749440715,1.7016634771749188,1,0.005552102,1.0246866116329718,0.5413898820303876,0.052169421,0.024091865115355045,0.23105509285464004
"chocolate, spaghetti",mineral water,0.039194774,0.23836821757099053,0.015864551,0.40476190476190477,1.6980531586236285,1,0.006521763,1.2795413944807361,0.4278601686269069,0.060621498,0.21846998908087653,0.2356583573026526
mineral water,"chocolate, spaghetti",0.23836821757099053,0.039194774,0.015864551,0.06655481,1.6980531586236285,1,0.006521763,1.0293108112846787,0.5397493847880479,0.060621498,0.028476152,0.2356583573026526
salmon,mineral water,0.042527663,0.23836821757099053,0.017064391414478068,0.4012539184952978,1.6833364891684726,1,0.006927148,1.2720447046850996,0.42397225703146757,0.064679131,0.21386410688486412,0.23642114269283904
mineral water,salmon,0.23836821757099053,0.042527663,0.017064391414478068,0.071588367,1.6833364891684726,1,0.006927148,1.0313015292740084,0.5329894538771223,0.064679131,0.030351481487711326,0.23642114269283904
frozen vegetables,spaghetti,0.095320624,0.17411011865084655,0.027862951606452472,0.29230769230769227,1.678866768759571,1,0.011266666466423773,1.1670183106020646,0.44696511393426097,0.11534216335540838,0.1431154156577885,0.2261691600895276
spaghetti,frozen vegetables,0.17411011865084655,0.095320624,0.027862951606452472,0.16003062787136293,1.678866768759571,1,0.011266666466423773,1.0770385279531858,0.4896053693555924,0.11534216335540838,0.071528108,0.2261691600895276
cereals,mineral water,0.025729902679642713,0.23836821757099053,0.010265297960271964,0.3989637305699482,1.6737287153272828,1,0.004132107,1.2671977069724039,0.41316223459080603,0.040441176470588244,0.21085715788643122,0.2210143037637213
mineral water,cereals,0.23836821757099053,0.025729902679642713,0.010265297960271964,0.043064877,1.6737287153272828,1,0.004132107,1.018115099,0.5285120970400158,0.040441176470588244,0.017792781,0.2210143037637213
cooking oil,mineral water,0.051059859,0.23836821757099053,0.020130649246767097,0.3942558746736292,1.6539783646123563,1,0.007959602,1.2573490201306492,0.41667240407213124,0.074752475,0.2046758823607374,0.23935388811981237
mineral water,cooking oil,0.23836821757099053,0.051059859,0.020130649246767097,0.084451902,1.653978364612356,1,0.007959602,1.0364721885585282,0.519144788,0.074752475,0.035188777,0.23935388811981237
chicken,spaghetti,0.059992001,0.17411011865084655,0.017197707,0.2866666666666667,1.6464675855028077,1,0.006752493,1.1577895532932057,0.41769763813808364,0.079287031,0.13628517621737962,0.19272077590607453
spaghetti,chicken,0.17411011865084655,0.059992001,0.017197707,0.098774885,1.6464675855028075,1,0.006752493,1.0430335145345107,0.4754134054094637,0.079287031,0.041258036,0.19272077590607453
"eggs, spaghetti",mineral water,0.036528462871617116,0.23836821757099053,0.014264764698040262,0.3905109489051095,1.6382676888910663,1,0.00555754,1.2496234035062792,0.4043701643240756,0.054731458,0.19975890560777637,0.2251771746762684
mineral water,"eggs, spaghetti",0.23836821757099053,0.036528462871617116,0.014264764698040262,0.059843400447427295,1.6382676888910663,1,0.00555754,1.0247989936856328,0.5115321508086984,0.054731458,0.024198886,0.2251771746762684
shrimp,ground beef,0.071457139,0.098253566,0.011465137981602452,0.16044776119402984,1.6329968205107435,1,0.004444219,1.0740801967145122,0.4174593899731213,0.072451559,0.068970824,0.1385685210312076
ground beef,shrimp,0.098253566,0.071457139,0.011465137981602452,0.11668928086838534,1.6329968205107432,1,0.004444219,1.0512075092496629,0.4298646734421629,0.072451559,0.048713036,0.1385685210312076
red wine,mineral water,0.028129582722303693,0.23836821757099053,0.010931875749900012,0.38862559241706157,1.6303582599107265,1,0.004226677,1.2457698146707055,0.39782863260731377,0.04277517,0.19728348831093626,0.21724344497810572
mineral water,red wine,0.23836821757099053,0.028129582722303693,0.010931875749900012,0.045861298,1.6303582599107265,1,0.004226677,1.0185840012265657,0.5076440979708239,0.04277517,0.018244937,0.21724344497810572
chocolate,"ground beef, mineral water",0.1638448206905746,0.040927876283162246,0.010931875749900012,0.066720911,1.6302070219425764,1,0.004226055,1.0276370009136824,0.4623316170980586,0.056396149,0.026893739,0.16691094425435257
"ground beef, mineral water",chocolate,0.040927876283162246,0.1638448206905746,0.010931875749900012,0.267100977,1.6302070219425762,1,0.004226055,1.1408872891021935,0.40307810709466546,0.056396149,0.12348922671674527,0.16691094425435257
cooking oil,chocolate,0.051059859,0.1638448206905746,0.013598186908412212,0.26631853785900783,1.6254315317171828,1,0.005232294,1.1396705824751243,0.4054826482433377,0.067549669,0.12255346818884211,0.17465642108572849
chocolate,cooking oil,0.1638448206905746,0.051059859,0.013598186908412212,0.082994304,1.6254315317171828,1,0.005232294,1.034824697138873,0.46017625800320117,0.067549669,0.03365275,0.17465642108572849
cake,burgers,0.081055859,0.087188375,0.011465137981602452,0.14144736842105263,1.622319129245131,1,0.004398009,1.0631982146952565,0.4174339319633331,0.073129252,0.059441611,0.1364729196845324
burgers,cake,0.087188375,0.081055859,0.011465137981602452,0.1314984709480122,1.6223191292451309,1,0.004398009,1.0580800494206406,0.42023836614915366,0.073129252,0.054891923774994855,0.1364729196845324
soup,spaghetti,0.050526596,0.17411011865084655,0.014264764698040262,0.2823218997361478,1.6215134532318871,1,0.005467573,1.1507803861445927,0.40368923987014055,0.067807351,0.13102446649246888,0.18212572781600653
spaghetti,soup,0.17411011865084655,0.050526596,0.014264764698040262,0.081929556,1.6215134532318871,1,0.005467573,1.0342053920194572,0.46409600748267005,0.067807351,0.03307408,0.18212572781600653
"spaghetti, mineral water",chocolate,0.05972537,0.1638448206905746,0.015864551,0.265625,1.621198637103336,1,0.006078859,1.1385942867192176,0.4075111967373083,0.076379974,0.12172403140943877,0.181225844
chocolate,"spaghetti, mineral water",0.1638448206905746,0.05972537,0.015864551,0.096826688,1.621198637103336,1,0.006078859,1.041078847144705,0.45825517707082836,0.076379974,0.03945796,0.181225844
"eggs, mineral water",chocolate,0.050926543,0.1638448206905746,0.013464871350486601,0.2643979057591623,1.6137092685919252,1,0.005120821,1.1366949412676175,0.4007168099869405,0.066887417,0.12025648773907464,0.1732892702107447
chocolate,"eggs, mineral water",0.1638448206905746,0.050926543,0.013464871350486601,0.082180635,1.6137092685919252,1,0.005120821,1.034052551858334,0.4548314684784805,0.066887417,0.032931162,0.1732892702107447
spaghetti,"eggs, mineral water",0.17411011865084655,0.050926543,0.014264764698040262,0.081929556,1.6087790543845162,1,0.005397938,1.0337697536908896,0.45818530168284644,0.067678684,0.03266661,0.18101713396887503
"eggs, mineral water",spaghetti,0.050926543,0.17411011865084655,0.014264764698040262,0.2801047120418848,1.608779054384516,1,0.005397938,1.1472361260922785,0.3987158229983471,0.067678684,0.12833986198969782,0.18101713396887503
chicken,mineral water,0.059992001,0.23836821757099053,0.022796960405279298,0.38000000000000006,1.5941722595078303,1,0.008496774,1.2284383587564671,0.3965021758765089,0.082728592,0.18595834062664107,0.23781879194630876
mineral water,chicken,0.23836821757099053,0.059992001,0.022796960405279298,0.095637584,1.5941722595078303,1,0.008496774,1.0394151528095574,0.48936405428063434,0.082728592,0.03792051,0.23781879194630876
burgers,milk,0.087188375,0.12958272230369283,0.017864285,0.20489296636085627,1.581175041844427,1,0.006566178,1.0947171146411248,0.4026668178023277,0.089812332,0.086522,0.17137652433269152
milk,burgers,0.12958272230369283,0.087188375,0.017864285,0.13786008230452676,1.5811750418444268,1,0.006566178,1.058774343214063,0.42227901692334785,0.089812332,0.055511680643530764,0.17137652433269152
milk,tomatoes,0.12958272230369283,0.068390881,0.013998133582189041,0.1080246913580247,1.5795189276345873,1,0.005135857,1.0444337525469498,0.42151718705555435,0.076086957,0.04254339,0.15635152696556204
tomatoes,milk,0.068390881,0.12958272230369283,0.013998133582189041,0.2046783625730994,1.5795189276345871,1,0.005135857,1.0944217241622687,0.3938302395944068,0.076086957,0.086275448,0.15635152696556204
frozen vegetables,mineral water,0.095320624,0.23836821757099053,0.03572857,0.37482517482517486,1.572462884,1,0.013007162303258473,1.2182700770396908,0.4024132212500716,0.11991051454138703,0.1791639482519931,0.26235665900095434
mineral water,frozen vegetables,0.23836821757099053,0.095320624,0.03572857,0.1498881431767338,1.572462884,1,0.013007162303258473,1.0641886344978566,0.4779933694036383,0.11991051454138703,0.060316970522941375,0.26235665900095434
spaghetti,milk,0.17411011865084655,0.12958272230369283,0.035461938,0.20367534456355285,1.571778559,1,0.012900275252816583,1.0930432352609396,0.4404679980823732,0.13220675944333996,0.085123106,0.23866894800194105
milk,spaghetti,0.12958272230369283,0.17411011865084655,0.035461938,0.27366255144032925,1.5717785592296398,1,0.012900275252816583,1.1370608564750384,0.41793525013329785,0.13220675944333996,0.12053959618303628,0.23866894800194105
whole wheat rice,milk,0.058525529929342755,0.12958272230369283,0.011865084655379284,0.2027334851936219,1.5645101568285575,1,0.004281187,1.0917519568819396,0.3832523491769529,0.067322239,0.084041028,0.14714863560092617
milk,whole wheat rice,0.12958272230369283,0.058525529929342755,0.011865084655379284,0.091563786,1.5645101568285575,1,0.004281187,1.0363682728297607,0.41453945319155167,0.067322239,0.035092036,0.14714863560092617
pancakes,ground beef,0.095053993,0.098253566,0.014531395813891481,0.15287517531556802,1.555924952567267,1,0.005192002,1.0644788200425375,0.3948251907035081,0.081282625,0.060573136,0.15038602727786543
ground beef,pancakes,0.098253566,0.095053993,0.014531395813891481,0.14789687924016282,1.555924952567267,1,0.005192002,1.0620146613147972,0.3962261079975477,0.081282625,0.058393414,0.15038602727786543
milk,mineral water,0.12958272230369283,0.23836821757099053,0.047993601,0.3703703703703704,1.5537741320739085,1,0.017105198,1.209650477975486,0.4094654617858785,0.15,0.17331492178332722,0.2858563261247825
mineral water,milk,0.23836821757099053,0.12958272230369283,0.047993601,0.20134228187919462,1.5537741320739085,1,0.017105198,1.0898502048466365,0.4679502888149834,0.15,0.08244271,0.2858563261247825
shrimp,pancakes,0.071457139,0.095053993,0.010531929076123183,0.14738805970149252,1.5505719997488014,1,0.003739643,1.0613808749643008,0.3824020645724098,0.067521368,0.057831148,0.12909374934583742
pancakes,shrimp,0.095053993,0.071457139,0.010531929076123183,0.11079943899018233,1.5505719997488014,1,0.003739643,1.0442445739095987,0.39237336177767157,0.067521368,0.042369934,0.12909374934583742
"french fries, spaghetti",mineral water,0.027596320490601255,0.23836821757099053,0.010131982402346354,0.36714975845410625,1.540263053,1,0.003553897,1.2034944958992746,0.3607146465010896,0.03960396,0.1690863536083058,0.20482767564763477
mineral water,"french fries, spaghetti",0.23836821757099053,0.027596320490601255,0.010131982402346354,0.042505592841163314,1.540263053,1,0.003553897,1.0155711325717318,0.46053783153841193,0.03960396,0.015332389896019469,0.20482767564763477
cake,pancakes,0.081055859,0.095053993,0.011865084655379284,0.14638157894736845,1.5399834834280655,1,0.004160402,1.0601294265453112,0.38157094724007595,0.07224026,0.056718949,0.135603132
pancakes,cake,0.095053993,0.081055859,0.011865084655379284,0.12482468443197757,1.5399834834280655,1,0.004160402,1.0500114941939367,0.38747326743162097,0.07224026,0.047629473,0.135603132
shrimp,chocolate,0.071457139,0.1638448206905746,0.017997600319957337,0.251865672,1.5372208323719074,1,0.006289718,1.1176538057602294,0.37636967908324676,0.082822086,0.105268559,0.18085553720413391
chocolate,shrimp,0.1638448206905746,0.071457139,0.017997600319957337,0.1098454027664768,1.5372208323719074,1,0.006289718,1.0431253894971226,0.4179551681783823,0.082822086,0.041342479,0.18085553720413391
salmon,chocolate,0.042527663,0.1638448206905746,0.010665244634048793,0.2507836990595611,1.5306171901104701,1,0.003697307,1.1160397581577686,0.36206662489557223,0.054495913,0.10397457376367471,0.15793863553466256
chocolate,salmon,0.1638448206905746,0.042527663,0.010665244634048793,0.065093572,1.5306171901104701,1,0.003697307,1.0241370776324688,0.414598613,0.054495913,0.023568209919972147,0.15793863553466256
pancakes,spaghetti,0.095053993,0.17411011865084655,0.025196640447940274,0.2650771388499299,1.522468314328732,1,0.008646778,1.1237776438968443,0.3792180723530164,0.10327868852459017,0.11014424834759066,0.20489691551991135
spaghetti,pancakes,0.17411011865084655,0.095053993,0.025196640447940274,0.1447166921898928,1.522468314328732,1,0.008646778,1.0580657881843747,0.4155177199567837,0.10327868852459017,0.054879185,0.20489691551991135
chocolate,olive oil,0.1638448206905746,0.065857886,0.016397814,0.1000813669650122,1.5196565457582116,1,0.00560734,1.0380295285523111,0.40896305168408825,0.076875,0.036636268532118814,0.17453461060801218
olive oil,chocolate,0.065857886,0.1638448206905746,0.016397814,0.24898785425101214,1.5196565457582114,1,0.00560734,1.1133710473823615,0.3660648294794636,0.076875,0.1018268327067669,0.17453461060801218
turkey,spaghetti,0.062524997,0.17411011865084655,0.016531129,0.26439232409381663,1.5185350865449607,1,0.005644895,1.1227314618920377,0.3642450181658043,0.075105996,0.1093150642498335,0.17966936265946576
spaghetti,turkey,0.17411011865084655,0.062524997,0.016531129,0.094946401,1.5185350865449607,1,0.005644895,1.0358226348162038,0.4134577833320316,0.075105996,0.034583754,0.17966936265946576
burgers,green tea,0.087188375,0.13211571790427942,0.017464338,0.2003058103975535,1.5161391360161947,1,0.005945383,1.0852702112630999,0.3729465292093155,0.08652576,0.078570489,0.16624775888192508
green tea,burgers,0.13211571790427942,0.087188375,0.017464338,0.13218970736629668,1.5161391360161947,1,0.005945383,1.0518561866169782,0.39225267058313107,0.08652576,0.049299692559455426,0.16624775888192508
"mineral water, milk",eggs,0.047993601,0.17970937208372217,0.013064924676709772,0.27222222222222225,1.514791460600066,1,0.004440025,1.1271168933200764,0.3569756708172697,0.060869565,0.11278057677375088,0.17246125947906366
eggs,"mineral water, milk",0.17970937208372217,0.047993601,0.013064924676709772,0.072700297,1.5147914606000659,1,0.004440025,1.026643700839888,0.4142959963117378,0.060869565,0.025952237,0.17246125947906366
milk,chocolate,0.12958272230369283,0.1638448206905746,0.032129049,0.2479423868312757,1.5132757067708698,1,0.010897591559626912,1.111823302720604,0.38967733489080625,0.12295918367346938,0.10057650567943223,0.22201838625534492
chocolate,milk,0.1638448206905746,0.12958272230369283,0.032129049,0.19609438567941412,1.5132757067708698,1,0.010897591559626912,1.0827356622355886,0.4056446619104072,0.12295918367346938,0.076413538,0.22201838625534492
champagne,chocolate,0.046793761,0.1638448206905746,0.011598453539528063,0.24786324786324784,1.5127926950546964,1,0.003931538,1.111706317945486,0.3556112852664577,0.058271936,0.10048185941043081,0.1593262537119331
chocolate,champagne,0.1638448206905746,0.046793761,0.011598453539528063,0.07078926,1.5127926950546964,1,0.003931538,1.0258235270907252,0.40539232934553127,0.058271936,0.025173459575412373,0.1593262537119331
chicken,green tea,0.059992001,0.13211571790427942,0.011865084655379284,0.1977777777777778,1.4970041484471357,1,0.003939198,1.081850213,0.3531876106504935,0.065828402,0.075657621,0.14379302612400496
green tea,chicken,0.13211571790427942,0.059992001,0.011865084655379284,0.089808274,1.4970041484471355,1,0.003939198,1.0327582338615013,0.3825385319042442,0.065828402,0.03171917,0.14379302612400496
mineral water,tomatoes,0.23836821757099053,0.068390881,0.024396747100386616,0.10234899328859061,1.4965298219448697,1,0.008094535,1.0378299715801134,0.4356271144614096,0.086402266,0.036451030145637976,0.2295370697437105
tomatoes,mineral water,0.068390881,0.23836821757099053,0.024396747100386616,0.3567251461988304,1.4965298219448695,1,0.008094535,1.1839912254123692,0.35614449125902026,0.086402266,0.15539914609442093,0.2295370697437105
eggs,"chocolate, spaghetti",0.17970937208372217,0.039194774,0.010531929076123183,0.058605341,1.4952335533619976,1,0.003488261,1.0206189476811551,0.4037692840993484,0.050543825975687774,0.020202395544391183,0.16365641211974402
"chocolate, spaghetti",eggs,0.039194774,0.17970937208372217,0.010531929076123183,0.26870748299319724,1.4952335533619974,1,0.003488261,1.1216997423599333,0.34471935688404204,0.050543825975687774,0.10849582804030107,0.16365641211974402
chicken,chocolate,0.059992001,0.1638448206905746,0.014664711371817091,0.24444444444444446,1.4919265889160112,1,0.004835333,1.106675972615416,0.3507690720851975,0.070108349,0.096393141,0.166974053
chocolate,chicken,0.1638448206905746,0.059992001,0.014664711371817091,0.089503662,1.4919265889160112,1,0.004835333,1.0324127173272934,0.3943355751391466,0.070108349,0.031395116,0.166974053
pancakes,mineral water,0.095053993,0.23836821757099053,0.033728836,0.3548387096774194,1.4886158620191963,1,0.011070985318208743,1.1805292627649648,0.36271227299512515,0.11254448398576512,0.15292231074572427,0.24816879555459337
mineral water,pancakes,0.23836821757099053,0.095053993,0.033728836,0.14149888143176736,1.4886158620191963,1,0.011070985318208743,1.0540999745093707,0.43096287573795017,0.11254448398576512,0.051323381,0.24816879555459337
pancakes,frozen vegetables,0.095053993,0.095320624,0.013464871350486601,0.14165497896213183,1.4860895065663648,1,0.004404265,1.0539810378224082,0.361450317,0.07611153,0.051216327,0.14145686011043654
frozen vegetables,pancakes,0.095320624,0.095053993,0.013464871350486601,0.14125874125874124,1.4860895065663648,1,0.004404265,1.0538052038229866,0.36155684533970645,0.07611153,0.051058017,0.14145686011043654
burgers,french fries,0.087188375,0.1709105452606319,0.021997067057725635,0.25229357798165136,1.4761732671141707,1,0.007095654,1.1088435652342468,0.3533836982354581,0.093167702,0.098159532,0.1904993630937898
french fries,burgers,0.1709105452606319,0.087188375,0.021997067057725635,0.12870514820592824,1.4761732671141707,1,0.007095654,1.0476495106531305,0.3890686897922787,0.093167702,0.045482301,0.1904993630937898
chocolate,frozen vegetables,0.1638448206905746,0.095320624,0.022930275963204905,0.13995117982099267,1.468215104667505,1,0.007312485,1.0518930493909548,0.3813896016255338,0.097065463,0.049333009112476574,0.1902553101902166
frozen vegetables,chocolate,0.095320624,0.1638448206905746,0.022930275963204905,0.24055944055944053,1.4682151046675047,1,0.007312485,1.1010146467886541,0.35250155929787036,0.097065463,0.091746869,0.1902553101902166
avocado,mineral water,0.033328889,0.23836821757099053,0.011598453539528063,0.348,1.4599261744966443,1,0.003653906,1.1681469055659655,0.3258955958512262,0.044592517,0.14394328723962888,0.19832885906040268
mineral water,avocado,0.23836821757099053,0.033328889,0.011598453539528063,0.048657718,1.4599261744966443,1,0.003653906,1.0161128428026176,0.413630136,0.044592517,0.015857336,0.19832885906040268
herb & pepper,mineral water,0.049460072,0.23836821757099053,0.017064391414478068,0.34501347708894875,1.447397142977743,1,0.005274682,1.1628205402516978,0.325188464,0.063023141,0.14002207100371164,0.20830092198966454
mineral water,herb & pepper,0.23836821757099053,0.049460072,0.017064391414478068,0.071588367,1.447397142977743,1,0.005274682,1.0238345730609413,0.4058452214248204,0.063023141,0.023279711086219172,0.20830092198966454
whole wheat rice,mineral water,0.058525529929342755,0.23836821757099053,0.020130649246767097,0.3439635535307517,1.4429925140012128,1,0.006180023,1.1609595572442193,0.3260796990140309,0.072736031,0.1386435524302763,0.2142077275483736
mineral water,whole wheat rice,0.23836821757099053,0.058525529929342755,0.020130649246767097,0.084451902,1.4429925140012128,1,0.006180023,1.0283178695701496,0.40307628819133307,0.072736031,0.027538050643802384,0.2142077275483736
frozen smoothie,chocolate,0.06332489,0.1638448206905746,0.014931342,0.23578947368421052,1.439102394,1,0.004555887,1.0941424522643997,0.3257505286486926,0.070351759,0.086042226,0.16346023724894007
chocolate,frozen smoothie,0.1638448206905746,0.06332489,0.014931342,0.091131001,1.439102394,1,0.004555887,1.0305941899480546,0.36491122676749266,0.070351759,0.029685971691337312,0.16346023724894007
spaghetti,mineral water,0.17411011865084655,0.23836821757099053,0.05972537,0.3430321592649311,1.4390851379453289,1,0.018223051,1.1593136455154853,0.36943675775394913,0.16931216931216933,0.1374206593114385,0.29679572169063106
mineral water,spaghetti,0.23836821757099053,0.17411011865084655,0.05972537,0.2505592841163311,1.4390851379453289,1,0.018223051,1.1020082894420047,0.4006057612962917,0.16931216931216933,0.09256581,0.29679572169063106
turkey,green tea,0.062524997,0.13211571790427942,0.011865084655379284,0.18976545842217488,1.4363579249492773,1,0.00360455,1.0711519165865604,0.32405632038450244,0.06491612,0.066425607,0.13978686644620347
green tea,turkey,0.13211571790427942,0.062524997,0.011865084655379284,0.089808274,1.4363579249492773,1,0.00360455,1.0299753085397927,0.3500405598992045,0.06491612,0.029102938964904866,0.13978686644620347
honey,spaghetti,0.047460338621517134,0.17411011865084655,0.011865084655379284,0.25,1.435872894333844,1,0.003601759,1.101186508465538,0.3186843946815955,0.056579783852511126,0.09188862,0.15907350689127106
spaghetti,honey,0.17411011865084655,0.047460338621517134,0.011865084655379284,0.068147014,1.435872894333844,1,0.003601759,1.0221995051440418,0.3675544794188862,0.056579783852511126,0.021717389836647786,0.15907350689127106
ground beef,chocolate,0.098253566,0.1638448206905746,0.023063591521130515,0.23473541383989144,1.4326691124597442,1,0.006965254,1.0926354027500824,0.3349080306143028,0.096486336,0.084781623,0.18775013165550308
chocolate,ground beef,0.1638448206905746,0.098253566,0.023063591521130515,0.1407648494711147,1.4326691124597442,1,0.006965254,1.049475726468794,0.3611795151586646,0.096486336,0.047143279,0.18775013165550308
"chocolate, mineral water",eggs,0.052659645,0.17970937208372217,0.013464871350486601,0.25569620253164554,1.4228317620102917,1,0.00400144,1.1020911497514618,0.3136953014186866,0.061510353227771014,0.092634035,0.1653110092776922
eggs,"chocolate, mineral water",0.17970937208372217,0.052659645,0.013464871350486601,0.074925816,1.4228317620102917,1,0.00400144,1.024069605474683,0.3622816206535328,0.061510353227771014,0.023503876441607827,0.1653110092776922
cake,mineral water,0.081055859,0.23836821757099053,0.027463004932675644,0.33881578947368424,1.4213966649005065,1,0.008141864,1.1519207057632783,0.32261658443418756,0.094063927,0.13188469050273158,0.22701415871894504
mineral water,cake,0.23836821757099053,0.081055859,0.027463004932675644,0.11521252796420582,1.4213966649005063,1,0.008141864,1.0386043765593158,0.38925190206631444,0.094063927,0.037169472,0.22701415871894504
frozen smoothie,spaghetti,0.06332489,0.17411011865084655,0.01559792,0.24631578947368424,1.414712662206819,1,0.004572416,1.0958036135219216,0.31296089494210766,0.0703125,0.087427722,0.16795115660514226
spaghetti,frozen smoothie,0.17411011865084655,0.06332489,0.01559792,0.089586524,1.414712662206819,1,0.004572416,1.028845831489359,0.35494160578906353,0.0703125,0.028037079,0.16795115660514226
burgers,spaghetti,0.087188375,0.17411011865084655,0.021463804826023197,0.24617737003058102,1.4139176513012162,1,0.006283427,1.0956023983820413,0.32070716920952813,0.089494163,0.087260121,0.18472727613320783
spaghetti,burgers,0.17411011865084655,0.087188375,0.021463804826023197,0.12327718223583461,1.4139176513012162,1,0.006283427,1.0411633034081629,0.35446036926192726,0.089494163,0.039535876,0.18472727613320783
herb & pepper,eggs,0.049460072,0.17970937208372217,0.012531662445007332,0.25336927223719674,1.4098834651715229,1,0.003643224,1.098656400566567,0.305848826,0.057846153846153846,0.08979732,0.16155110496132835
eggs,herb & pepper,0.17970937208372217,0.049460072,0.012531662445007332,0.069732938,1.4098834651715226,1,0.003643224,1.021792522,0.3544128275084632,0.057846153846153846,0.021327737107802936,0.16155110496132835
burgers,ground beef,0.087188375,0.098253566,0.011998400213304892,0.13761467889908255,1.400607471400296,1,0.003431831,1.0456421413315102,0.31334404362007684,0.069177556,0.043649868,0.12986568408997545
ground beef,burgers,0.098253566,0.087188375,0.011998400213304892,0.12211668928086838,1.400607471400296,1,0.003431831,1.0397869670957836,0.31718904001576964,0.069177556,0.038264537212763794,0.12986568408997545
turkey,milk,0.062524997,0.12958272230369283,0.011331822423676844,0.18123667377398722,1.3986175822825908,1,0.003229663,1.0630877688530418,0.30401693100448396,0.062684366,0.059343895,0.13434261672238457
milk,turkey,0.12958272230369283,0.062524997,0.011331822423676844,0.08744856,1.3986175822825908,1,0.003229663,1.0273119540468636,0.3274386673033437,0.062684366,0.026585842731873588,0.13434261672238457
grated cheese,mineral water,0.052393014,0.23836821757099053,0.017464338,0.3333333333333333,1.3983967188665174,1,0.004975509,1.142447673643514,0.30064715813168263,0.063902439,0.12468638777058169,0.20329977628635346
mineral water,grated cheese,0.23836821757099053,0.052393014,0.017464338,0.073266219,1.3983967188665174,1,0.004975509,1.0225234100751965,0.37405916331174516,0.063902439,0.022027280601370477,0.20329977628635346
low fat yogurt,frozen vegetables,0.07652313,0.095320624,0.010131982402346354,0.13240418118466898,1.3890402280646184,1,0.00283775,1.0427428953248001,0.30328690934786084,0.062654575,0.040990829,0.11934894373918764
frozen vegetables,low fat yogurt,0.095320624,0.07652313,0.010131982402346354,0.1062937062937063,1.3890402280646184,1,0.00283775,1.0333113644315342,0.3095886267392619,0.062654575,0.032237489664947445,0.11934894373918764
whole wheat rice,spaghetti,0.058525529929342755,0.17411011865084655,0.014131449140114652,0.24145785876993167,1.386811178126537,1,0.003941562,1.0887857594963313,0.29626007919077924,0.064673581,0.081545666,0.1613108589408617
spaghetti,whole wheat rice,0.17411011865084655,0.058525529929342755,0.014131449140114652,0.081163859,1.386811178126537,1,0.003941562,1.024638048260232,0.33772214354241853,0.064673581,0.024045611,0.1613108589408617
shrimp,mineral water,0.071457139,0.23836821757099053,0.023596853752832957,0.3302238805970149,1.385351973354703,1,0.006563743,1.1371438311474906,0.2995680582087191,0.082440615,0.12060376831055641,0.21460858459380946
mineral water,shrimp,0.23836821757099053,0.071457139,0.023596853752832957,0.098993289,1.385351973354703,1,0.006563743,1.0305615365499374,0.36521819104213693,0.082440615,0.029655227238782604,0.21460858459380946
"ground beef, mineral water",eggs,0.040927876283162246,0.17970937208372217,0.010131982402346354,0.247557003,1.3775408615973477,1,0.002776859,1.0901697955424126,0.28576445283350155,0.048131728942368585,0.082711699,0.15196841260789298
eggs,"ground beef, mineral water",0.17970937208372217,0.040927876283162246,0.010131982402346354,0.056379822,1.3775408615973477,1,0.002776859,1.0163751751338814,0.33411172983653664,0.048131728942368585,0.016111348972808692,0.15196841260789298
chocolate,spaghetti,0.1638448206905746,0.17411011865084655,0.039194774,0.23921887713588283,1.3739516059695691,1,0.010667732859366695,1.085581459014021,0.32550456407052614,0.13119143239625167,0.078834673,0.23216686582674695
spaghetti,chocolate,0.17411011865084655,0.1638448206905746,0.039194774,0.22511485451761104,1.3739516059695691,1,0.010667732859366695,1.0790698262629541,0.32955038351095073,0.13119143239625167,0.073275913,0.23216686582674695
green tea,tomatoes,0.13211571790427942,0.068390881,0.012265031329156113,0.09283552,1.3574254056488908,1,0.003229521,1.026946203242608,0.30339444333132976,0.065155807,0.026239157569816977,0.13608637582295238
tomatoes,green tea,0.068390881,0.13211571790427942,0.012265031329156113,0.1793372319688109,1.3574254056488906,1,0.003229521,1.0575407047864718,0.2826413603444414,0.065155807,0.05440992,0.13608637582295238
escalope,chocolate,0.079322757,0.1638448206905746,0.017597654,0.22184873949579834,1.3540174084279766,1,0.004601031,1.0745406731946179,0.28398340485655865,0.078014184,0.069369801,0.1646265666559545
chocolate,escalope,0.1638448206905746,0.079322757,0.017597654,0.10740439381611065,1.3540174084279766,1,0.004601031,1.0314606487594422,0.3126896355132962,0.078014184,0.030501065452453808,0.1646265666559545
chocolate,mineral water,0.1638448206905746,0.23836821757099053,0.052659645,0.3213995117982099,1.3483320682317521,1,0.013604247514365099,1.1223566673923893,0.30896530289330915,0.15064836003051105,0.10901763311716656,0.27115836887449646
mineral water,chocolate,0.23836821757099053,0.1638448206905746,0.052659645,0.220917226,1.348332068231752,1,0.013604247514365099,1.0732558941889825,0.3391966356987283,0.15064836003051105,0.068255758,0.27115836887449646
frozen smoothie,french fries,0.06332489,0.1709105452606319,0.014531395813891481,0.22947368421052633,1.3426537482551935,1,0.003708504,1.076004074,0.27245982810896363,0.066140777,0.070635489,0.15724854257328189
french fries,frozen smoothie,0.1709105452606319,0.06332489,0.014531395813891481,0.085023401,1.3426537482551935,1,0.003708504,1.0237148260879794,0.30781520377770993,0.066140777,0.023165461204272254,0.15724854257328189
frozen smoothie,mineral water,0.06332489,0.23836821757099053,0.020263964804692707,0.32,1.342460850111857,1,0.005169324,1.1200467388661905,0.27234557358383155,0.07200379,0.10718011552599337,0.20250559284116332
mineral water,frozen smoothie,0.23836821757099053,0.06332489,0.020263964804692707,0.085011186,1.342460850111857,1,0.005169324,1.023701159323826,0.33493786101872924,0.07200379,0.023152420125694857,0.20250559284116332
pancakes,milk,0.095053993,0.12958272230369283,0.016531129,0.17391304347826086,1.3421005546609412,1,0.004213774,1.0536630203692139,0.28167354154390106,0.079436259,0.050929965,0.1507425299695831
milk,pancakes,0.12958272230369283,0.095053993,0.016531129,0.12757201646090535,1.3421005546609412,1,0.004213774,1.0372730176856921,0.292847297,0.079436259,0.035933661678440046,0.1507425299695831
frozen smoothie,green tea,0.06332489,0.13211571790427942,0.011198506865751233,0.1768421052631579,1.338539486961602,1,0.002832294,1.0543351253081004,0.270015792,0.060781476,0.051534966448379044,0.13080248552764354
green tea,frozen smoothie,0.13211571790427942,0.06332489,0.011198506865751233,0.084762866,1.338539486961602,1,0.002832294,1.023423411240868,0.2914179650354767,0.060781476,0.022887312,0.13080248552764354
chicken,eggs,0.059992001,0.17970937208372217,0.01439808,0.24,1.3354896142433235,1,0.003616955,1.0793297735740497,0.2672434170094077,0.063905325,0.073499106,0.1600593471810089
eggs,chicken,0.17970937208372217,0.059992001,0.01439808,0.080118694,1.3354896142433232,1,0.003616955,1.0218796633567138,0.30624627552955197,0.063905325,0.021411193647637994,0.1600593471810089
honey,mineral water,0.047460338621517134,0.23836821757099053,0.015064658045593921,0.31741573033707865,1.3316193474599705,1,0.003751622,1.1158062326943514,0.26144280609622417,0.055637617,0.10378704590555347,0.19030741774124627
mineral water,honey,0.23836821757099053,0.047460338621517134,0.015064658045593921,0.063199105,1.3316193474599702,1,0.003751622,1.016800545996852,0.326975118,0.055637617,0.016522951,0.19030741774124627
low fat yogurt,milk,0.07652313,0.12958272230369283,0.013198240234635382,0.17247386759581884,1.3309943218479807,1,0.003282165,1.051830562942485,0.2692888171450321,0.068417415,0.049276533,0.13716285972383535
milk,low fat yogurt,0.12958272230369283,0.07652313,0.013198240234635382,0.10185185185185186,1.3309943218479805,1,0.003282165,1.0282010508564494,0.2857043400771385,0.068417415,0.027427564709216232,0.13716285972383535
eggs,"spaghetti, mineral water",0.17970937208372217,0.05972537,0.014264764698040262,0.079376855,1.329030773,1,0.003531556,1.0213458511736442,0.30181007365148216,0.063351095,0.020899728675761866,0.15910807015684614
"spaghetti, mineral water",eggs,0.05972537,0.17970937208372217,0.014264764698040262,0.23883928571428573,1.3290307731030098,1,0.003531556,1.0776838747990982,0.2632975164011867,0.063351095,0.072084102,0.15910807015684614
cake,frozen vegetables,0.081055859,0.095320624,0.010265297960271964,0.12664473684210528,1.3286184210526317,1,0.002539003,1.0358664042534442,0.2691550434187893,0.061797753,0.034624546,0.11716852226720649
frozen vegetables,cake,0.095320624,0.081055859,0.010265297960271964,0.1076923076923077,1.3286184210526317,1,0.002539003,1.029851192254826,0.2733990147783252,0.061797753,0.028985927752792694,0.11716852226720649
milk,eggs,0.12958272230369283,0.17970937208372217,0.030795894,0.23765432098765432,1.322436989412756,1,0.007508664,1.0760087588861296,0.2801188702551851,0.1105792245093346,0.070639535,0.2045096530754295
eggs,milk,0.17970937208372217,0.12958272230369283,0.030795894,0.17136498516320472,1.322436989412756,1,0.007508664,1.050422999404317,0.29723648690006566,0.1105792245093346,0.048002566,0.2045096530754295
cake,green tea,0.081055859,0.13211571790427942,0.014131449140114652,0.1743421052631579,1.3196166817143768,1,0.003422696,1.0511427161637412,0.26356790728357177,0.070997991,0.048654398,0.140652385
green tea,cake,0.13211571790427942,0.081055859,0.014131449140114652,0.10696266397578205,1.3196166817143768,1,0.003422696,1.0290097666827098,0.27907428339564677,0.070997991,0.028191926,0.140652385
low fat yogurt,mineral water,0.07652313,0.23836821757099053,0.023996800426609784,0.31358885,1.315564857470243,1,0.005756118,1.1095853886148515,0.25974688417304276,0.082493126,0.098762465,0.20712999555690664
mineral water,low fat yogurt,0.23836821757099053,0.07652313,0.023996800426609784,0.10067114093959731,1.315564857470243,1,0.005756118,1.0268511462153305,0.3149425287356322,0.082493126,0.026149015185205637,0.20712999555690664
cake,eggs,0.081055859,0.17970937208372217,0.019064124783362217,0.23519736842105263,1.308765178431985,1,0.004497627,1.0725520468238643,0.25673050292229166,0.078874793,0.067644313,0.17064022723723254
eggs,cake,0.17970937208372217,0.081055859,0.019064124783362217,0.10608308605341245,1.308765178431985,1,0.004497627,1.027997262882238,0.28760659136085753,0.078874793,0.027234764034041313,0.17064022723723254
green tea,pancakes,0.13211571790427942,0.095053993,0.016397814,0.124117053,1.3057531811549388,1,0.003839687,1.0331814437030515,0.2698038040288237,0.077798861,0.032115795,0.14831378620770666
pancakes,green tea,0.095053993,0.13211571790427942,0.016397814,0.17251051893408134,1.3057531811549385,1,0.003839687,1.0488160900580488,0.2587540901926403,0.077798861,0.046543994,0.14831378620770666
fresh bread,mineral water,0.043060925209972005,0.23836821757099053,0.013331555792560993,0.30959752321981426,1.2988204819193663,1,0.0030672,1.1031706983164578,0.24042351629980502,0.049726504226752864,0.093521971,0.18276296742646195
mineral water,fresh bread,0.23836821757099053,0.043060925209972005,0.013331555792560993,0.055928411633109625,1.2988204819193663,1,0.0030672,1.0136297782728496,0.30207596709259593,0.049726504226752864,0.013446505385895135,0.18276296742646195
cake,french fries,0.081055859,0.1709105452606319,0.017864285,0.22039473684210528,1.289532699729042,1,0.004010984,1.0634733934209617,0.24432963573255165,0.076309795,0.059684985,0.162459459
french fries,cake,0.1709105452606319,0.081055859,0.017864285,0.1045241809672387,1.289532699729042,1,0.004010984,1.0262076554717212,0.27080948369584795,0.076309795,0.025538355060968736,0.162459459
turkey,mineral water,0.062524997,0.23836821757099053,0.019197440341287828,0.3070362473347548,1.288075442538029,1,0.004293468,1.0990932491052476,0.2385641827834661,0.06814955,0.090159092,0.19378658004321633
mineral water,turkey,0.23836821757099053,0.062524997,0.019197440341287828,0.080536913,1.288075442538029,1,0.004293468,1.0195896021649669,0.293643153,0.06814955,0.019213222774507335,0.19378658004321633
cake,spaghetti,0.081055859,0.17411011865084655,0.018130915877882948,0.2236842105263158,1.2847283791408077,1,0.004018271,1.0638581522463673,0.2411739104462327,0.076490439,0.060025063,0.16390948658015636
spaghetti,cake,0.17411011865084655,0.081055859,0.018130915877882948,0.10413476263399693,1.2847283791408075,1,0.004018271,1.0257615793677652,0.2683473389355742,0.076490439,0.025114587917831274,0.16390948658015636
cooking oil,eggs,0.051059859,0.17970937208372217,0.011731769097453673,0.2297650130548303,1.2785366193800312,1,0.002555834,1.0649874931929981,0.2295780224271373,0.053560559951308574,0.061021836977780276,0.1475234560823113
eggs,cooking oil,0.17970937208372217,0.051059859,0.011731769097453673,0.065281899,1.2785366193800312,1,0.002555834,1.0152153257872496,0.2655836768464754,0.053560559951308574,0.014987289297914014,0.1475234560823113
pancakes,chocolate,0.095053993,0.1638448206905746,0.019864018,0.20897615708274897,1.2754517121868998,1,0.004289914,1.057054331290107,0.2386485428292328,0.083100948,0.053974833271316955,0.16510646747546726
chocolate,pancakes,0.1638448206905746,0.095053993,0.019864018,0.12123677786818551,1.2754517121868998,1,0.004289914,1.0297950396737225,0.2582822558553623,0.083100948,0.02893298,0.16510646747546726
grated cheese,chocolate,0.052393014,0.1638448206905746,0.010931875749900012,0.20865139949109412,1.2734696074716818,1,0.002347552,1.0566205320533897,0.2266168659154233,0.053246753,0.053586439,0.13768615540055112
chocolate,grated cheese,0.1638448206905746,0.052393014,0.010931875749900012,0.066720911,1.2734696074716818,1,0.002347552,1.0153522105218868,0.256822813,0.053246753,0.015120083812094955,0.13768615540055112
pancakes,eggs,0.095053993,0.17970937208372217,0.021730435941874418,0.2286115007012623,1.2721178536796502,1,0.004648343,1.0633949412805566,0.23637798207591176,0.085879874,0.059615612995314225,0.17476569100345013
eggs,pancakes,0.17970937208372217,0.095053993,0.021730435941874418,0.12091988130563798,1.272117854,1,0.004648343,1.0294238124086972,0.26077258935987147,0.085879874,0.028582797535885458,0.17476569100345013
burgers,pancakes,0.087188375,0.095053993,0.010531929076123183,0.12079510703363913,1.2708051863384673,1,0.002244326,1.0292777194924736,0.23345159018178507,0.061335404,0.028444917186111834,0.11579727301191073
pancakes,burgers,0.095053993,0.087188375,0.010531929076123183,0.11079943899018233,1.2708051863384673,1,0.002244326,1.0265531367636787,0.23548070683186245,0.061335404,0.025866305,0.11579727301191073
cake,milk,0.081055859,0.12958272230369283,0.013331555792560993,0.16447368421052633,1.2692562811349364,1,0.002828117,1.0417592614947928,0.23084868707384315,0.067567568,0.040085327808723856,0.13367717132337018
milk,cake,0.12958272230369283,0.081055859,0.013331555792560993,0.10288065843621401,1.2692562811349364,1,0.002828117,1.0243276431643977,0.24371879307704103,0.067567568,0.023749864925292512,0.13367717132337018
frozen vegetables,eggs,0.095320624,0.17970937208372217,0.021730435941874418,0.22797202797202798,1.2685594820609658,1,0.004600426,1.0625141285509758,0.23401029546576413,0.085789474,0.058836044501573516,0.17444595463883297
eggs,frozen vegetables,0.17970937208372217,0.095320624,0.021730435941874418,0.12091988130563798,1.2685594820609658,1,0.004600426,1.029120505451594,0.2580844896848164,0.085789474,0.028296497152017458,0.17444595463883297
burgers,frozen vegetables,0.087188375,0.095320624,0.010531929076123183,0.12079510703363913,1.2672504865165415,1,0.002221079,1.0289744555798357,0.23103345639686967,0.06124031,0.028158576165535975,0.1156423087615748
frozen vegetables,burgers,0.095320624,0.087188375,0.010531929076123183,0.11048951048951049,1.2672504865165415,1,0.002221079,1.026195459054097,0.23311023812988016,0.06124031,0.025526773503989793,0.1156423087615748
green tea,french fries,0.13211571790427942,0.1709105452606319,0.028529529396080524,0.21594349142280528,1.263488400282732,1,0.00594956,1.0574358425311634,0.24028597269477592,0.1039339485186984,0.054316149,0.191435084
french fries,green tea,0.1709105452606319,0.13211571790427942,0.028529529396080524,0.1669266770670827,1.263488400282732,1,0.00594956,1.0417861888077844,0.2515294552569531,0.1039339485186984,0.040110138967770714,0.191435084
whole wheat rice,chocolate,0.058525529929342755,0.1638448206905746,0.011998400213304892,0.20501138952164008,1.2512534034188951,1,0.002409295,1.0517825894465265,0.2132839296390697,0.057034221,0.049233168,0.13912082901631231
chocolate,whole wheat rice,0.1638448206905746,0.058525529929342755,0.011998400213304892,0.073230269,1.2512534034188951,1,0.002409295,1.0158666582237381,0.24014845521541933,0.057034221,0.015618839,0.13912082901631231
chocolate,tomatoes,0.1638448206905746,0.068390881,0.013998133582189041,0.085435313,1.2492208280397223,1,0.002792642,1.0186366610193374,0.23859329446064123,0.064141723,0.018295690438519967,0.14505683791795734
tomatoes,chocolate,0.068390881,0.1638448206905746,0.013998133582189041,0.2046783625730994,1.2492208280397221,1,0.002792642,1.0513421739846451,0.2141467,0.064141723,0.048834885,0.14505683791795734
pancakes,french fries,0.095053993,0.1709105452606319,0.020130649246767097,0.211781206,1.2391348108342286,1,0.00388492,1.0518519238953192,0.2132561551940121,0.081887202,0.04929584,0.16478295877978177
french fries,pancakes,0.1709105452606319,0.095053993,0.020130649246767097,0.11778471138845555,1.2391348108342286,1,0.00388492,1.0257655006447122,0.23276777318812575,0.081887202,0.025118315,0.16478295877978177
chocolate,french fries,0.1638448206905746,0.1709105452606319,0.034395414,0.20992677,1.2282844771886887,1,0.006392606,1.0493830482746482,0.22227495649422555,0.11451398135818909,0.047059125,0.20558740982674295
french fries,chocolate,0.1709105452606319,0.1638448206905746,0.034395414,0.20124804992199688,1.2282844771886887,1,0.006392606,1.0468270897213705,0.22416924379028505,0.11451398135818909,0.044732402,0.20558740982674295
soup,chocolate,0.050526596,0.1638448206905746,0.010131982402346354,0.20052770448548812,1.2238879669207863,1,0.001853461,1.0458838711494132,0.19266653364666916,0.049608355,0.043870904,0.13118329894738198
chocolate,soup,0.1638448206905746,0.050526596,0.010131982402346354,0.061838893,1.2238879669207863,1,0.001853461,1.0120579470583453,0.21877727242212655,0.049608355,0.011914285237711033,0.13118329894738198
low fat yogurt,eggs,0.07652313,0.17970937208372217,0.01679776,0.21951219512195125,1.2214844032713326,1,0.003045837,1.0509973670177308,0.19634922926391102,0.070155902,0.04852283,0.156492003
eggs,low fat yogurt,0.17970937208372217,0.07652313,0.01679776,0.09347181,1.2214844032713326,1,0.003045837,1.0186962523927525,0.2210484497173918,0.070155902,0.018353117868881896,0.156492003
shrimp,green tea,0.071457139,0.13211571790427942,0.011465137981602452,0.16044776119402984,1.2144486949711584,1,0.002024527,1.0337466115629026,0.19017011970149753,0.059680777,0.032644955,0.12361439522870009
green tea,shrimp,0.13211571790427942,0.071457139,0.011465137981602452,0.086781029,1.2144486949711584,1,0.002024527,1.016780083097576,0.20346157968063447,0.059680777,0.016503158722834293,0.12361439522870009
escalope,french fries,0.079322757,0.1709105452606319,0.016397814,0.20672268907563024,1.2095373562841674,1,0.002840718,1.0451445456989914,0.18816323263145762,0.070125428,0.043194547476491804,0.1513332634145702
french fries,escalope,0.1709105452606319,0.079322757,0.016397814,0.095943838,1.2095373562841674,1,0.002840718,1.0183850091198654,0.20894923372774502,0.070125428,0.018053102662768553,0.1513332634145702
burgers,chocolate,0.087188375,0.1638448206905746,0.017064391414478068,0.19571865443425074,1.1945367183981406,1,0.002779028,1.0396302039322514,0.1784107090696653,0.072934473,0.038119519596829514,0.1499341848249366
chocolate,burgers,0.1638448206905746,0.087188375,0.017064391414478068,0.10414971521562244,1.1945367183981406,1,0.002779028,1.018933231,0.19476692044005078,0.072934473,0.018581425,0.1499341848249366
eggs,mineral water,0.17970937208372217,0.23836821757099053,0.050926543,0.28338278931750743,1.188844688294532,1,0.00808954,1.0628153651286798,0.19364750349508134,0.13870733478576616,0.059102801,0.2485146608779931
mineral water,eggs,0.23836821757099053,0.17970937208372217,0.050926543,0.21364653243847875,1.188844688294532,1,0.00808954,1.0431576406218384,0.2085617169622327,0.13870733478576616,0.041372118,0.2485146608779931
french fries,eggs,0.1709105452606319,0.17970937208372217,0.036395147313691506,0.21294851794071765,1.1849605586597352,1,0.005680921,1.0422324925556672,0.1882668438384791,0.1158252015273653,0.040521182036945075,0.207735387
eggs,french fries,0.17970937208372217,0.1709105452606319,0.036395147313691506,0.20252225519287834,1.1849605586597352,1,0.005680921,1.0396396139429471,0.1902862834115881,0.1158252015273653,0.038128226,0.207735387
low fat yogurt,chocolate,0.07652313,0.1638448206905746,0.014798026929742702,0.19337979094076657,1.1802618485327014,1,0.002260108,1.0366157082583374,0.16538626109869084,0.065602837,0.035322355,0.1418485610521571
chocolate,low fat yogurt,0.1638448206905746,0.07652313,0.014798026929742702,0.090317331,1.1802618485327012,1,0.002260108,1.01516375,0.18265794493473075,0.065602837,0.014937245713551397,0.1418485610521571
burgers,mineral water,0.087188375,0.23836821757099053,0.024396747100386616,0.2798165137614679,1.1738834841861134,1,0.00361381,1.057552411270854,0.16227520967660833,0.081009296,0.054420386788862345,0.19108275352502924
mineral water,burgers,0.23836821757099053,0.087188375,0.024396747100386616,0.10234899328859061,1.1738834841861132,1,0.00361381,1.0168892122794844,0.19448597245855717,0.081009296,0.016608704346095824,0.19108275352502924
frozen vegetables,french fries,0.095320624,0.1709105452606319,0.019064124783362217,0.19999999999999998,1.1702028081123246,1,0.002772825,1.036361818,0.16077217801355737,0.077130529,0.035086027,0.15577223088923556
french fries,frozen vegetables,0.1709105452606319,0.095320624,0.019064124783362217,0.11154446177847115,1.1702028081123246,1,0.002772825,1.018260720051491,0.17543013346197142,0.077130529,0.017933246,0.15577223088923556
eggs,spaghetti,0.17970937208372217,0.17411011865084655,0.036528462871617116,0.2032640949554896,1.1674456173515526,1,0.005239243,1.0365917691421405,0.17485150558566764,0.11512605042016805,0.035300076878309536,0.20653250689581526
spaghetti,eggs,0.17411011865084655,0.17970937208372217,0.036528462871617116,0.20980091883614088,1.1674456173515524,1,0.005239243,1.0380809690490882,0.1736660716494936,0.11512605042016805,0.036684006531755686,0.20653250689581526
grated cheese,french fries,0.052393014,0.1709105452606319,0.010398613518197574,0.19847328244274812,1.1612699622488718,1,0.001444095,1.034387795912926,0.14655209731180488,0.048841577958672514,0.033244588,0.129657858
french fries,grated cheese,0.1709105452606319,0.052393014,0.010398613518197574,0.060842434,1.1612699622488718,1,0.001444095,1.0089968070702422,0.16750157705295207,0.048841577958672514,0.008916586,0.129657858
green tea,spaghetti,0.13211571790427942,0.17411011865084655,0.026529796027196375,0.2008072653884965,1.153334837426579,1,0.003527113,1.0334051419406705,0.15318759697103032,0.09485224,0.032325310359824416,0.1765904627095622
spaghetti,green tea,0.17411011865084655,0.13211571790427942,0.026529796027196375,0.15237366003062788,1.153334837426579,1,0.003527113,1.023899613746171,0.1609767968170149,0.09485224,0.023341755,0.1765904627095622
frozen vegetables,green tea,0.095320624,0.13211571790427942,0.01439808,0.15104895104895105,1.143307953398771,1,0.001804728,1.0223019138359806,0.13855186604228747,0.067584481,0.021815388912163117,0.13001488924798713
green tea,frozen vegetables,0.13211571790427942,0.095320624,0.01439808,0.10898082744702321,1.143307953398771,1,0.001804728,1.0153309872009515,0.14442595437219088,0.067584481,0.015099497,0.13001488924798713
low fat yogurt,spaghetti,0.07652313,0.17411011865084655,0.015197973603519531,0.1986062717770035,1.140693449,1,0.001874522,1.0305669389009002,0.13356076780662504,0.064552661,0.029660313898192608,0.14294785258069165
spaghetti,low fat yogurt,0.17411011865084655,0.07652313,0.015197973603519531,0.087289433,1.140693449,1,0.001874522,1.011795966354374,0.1493422822593207,0.064552661,0.011658444,0.14294785258069165
ground beef,green tea,0.098253566,0.13211571790427942,0.014798026929742702,0.15061058344640435,1.1399898954908971,1,0.001817186,1.0217743065567828,0.13617934907112922,0.06864564,0.02131029,0.13130932805014467
green tea,ground beef,0.13211571790427942,0.098253566,0.014798026929742702,0.11200807265388497,1.1399898954908971,1,0.001817186,1.0154894498915297,0.1414926447184513,0.06864564,0.015253186424717803,0.13130932805014467
ground beef,eggs,0.098253566,0.17970937208372217,0.019997333688841486,0.20352781546811397,1.132538682363741,1,0.002340247,1.0299049280652415,0.12977922333924696,0.07751938,0.029036590903026627,0.15740188992990267
eggs,ground beef,0.17970937208372217,0.098253566,0.019997333688841486,0.11127596439169138,1.132538682363741,1,0.002340247,1.0146529155044213,0.1426664499702042,0.07751938,0.014441308235079399,0.15740188992990267
cookies,green tea,0.080389281,0.13211571790427942,0.011998400213304892,0.14925373134328357,1.1297197162522403,1,0.001377713,1.0201446824633909,0.12486227892142648,0.059840426,0.019746887681408618,0.12003554377456813
green tea,cookies,0.13211571790427942,0.080389281,0.011998400213304892,0.090817356,1.1297197162522403,1,0.001377713,1.0114697248653934,0.13230414746543775,0.059840426,0.011339662061481714,0.12003554377456813
chocolate,eggs,0.1638448206905746,0.17970937208372217,0.033195574,0.20260374288039054,1.1273966434316094,1,0.003751124,1.0287114099072503,0.13514325157773943,0.10695876288659795,0.027910072378646095,0.19366092188529913
eggs,chocolate,0.17970937208372217,0.1638448206905746,0.033195574,0.1847181008902077,1.1273966434316094,1,0.003751124,1.0256025311274843,0.13775694358777535,0.10695876288659795,0.024963404779567596,0.19366092188529913
chocolate,turkey,0.1638448206905746,0.062524997,0.011331822423676844,0.06916192,1.106148323823172,1,0.001087426,1.007130051657448,0.11476590636254513,0.052696838,0.007079574,0.12519929701718074
turkey,chocolate,0.062524997,0.1638448206905746,0.011331822423676844,0.18123667377398722,1.1061483238231717,1,0.001087426,1.0212416122294805,0.10236231011175811,0.052696838,0.020799791,0.12519929701718074
shrimp,eggs,0.071457139,0.17970937208372217,0.014131449140114652,0.19776119402985073,1.100450086363435,1,0.001289932,1.0225018059607556,0.098305544,0.059617547806524195,0.022006617,0.13819810443332298
eggs,shrimp,0.17970937208372217,0.071457139,0.014131449140114652,0.078635015,1.100450086363435,1,0.001289932,1.0077904803245772,0.1112787442235571,0.059617547806524195,0.007730258,0.13819810443332298
green tea,chocolate,0.13211571790427942,0.1638448206905746,0.023463538194907346,0.17759838546922302,1.0839426276685449,1,0.001817062,1.0167236597492522,0.089230729,0.086105675,0.016448579305587022,0.16040212194535194
chocolate,green tea,0.1638448206905746,0.13211571790427942,0.023463538194907346,0.14320585842148087,1.0839426276685449,1,0.001817062,1.012943763243723,0.092616716,0.086105675,0.012778363136640254,0.16040212194535194
chicken,french fries,0.059992001,0.1709105452606319,0.011065191307825623,0.18444444444444444,1.0791870341480327,1,0.000811926,1.0165946992717048,0.078059508,0.050333535,0.016323810544746395,0.1245935170740163
french fries,chicken,0.1709105452606319,0.059992001,0.011065191307825623,0.06474259,1.0791870341480327,1,0.000811926,1.005079445064817,0.088502587,0.050333535,0.005053775,0.1245935170740163
eggs,green tea,0.17970937208372217,0.13211571790427942,0.025463271563791495,0.14169139465875372,1.0724794665341189,1,0.001720839,1.0111564496672698,0.082386917,0.088919926,0.011033357,0.16721300308114276
green tea,eggs,0.13211571790427942,0.17970937208372217,0.025463271563791495,0.1927346115035318,1.0724794665341186,1,0.001720839,1.0161350153312891,0.077868925,0.088919926,0.015878810480739802,0.16721300308114276
milk,french fries,0.12958272230369283,0.1709105452606319,0.023730169310758567,0.18312757201646093,1.0714819950822727,1,0.001583116,1.014955856431569,0.07664508,0.085741811,0.014735474786215397,0.1609865629193069
french fries,milk,0.1709105452606319,0.12958272230369283,0.023730169310758567,0.1388455538221529,1.0714819950822727,1,0.001583116,1.010756295295893,0.080465626,0.085741811,0.010641828644504374,0.1609865629193069
whole wheat rice,french fries,0.058525529929342755,0.1709105452606319,0.010531929076123183,0.17995444191343962,1.0529159662969663,1,0.000529299,1.0110285295293961,0.053380726,0.048112058,0.010908227816805066,0.12078845340601778
french fries,whole wheat rice,0.1709105452606319,0.058525529929342755,0.010531929076123183,0.061622465,1.0529159662969663,1,0.000529299,1.0033003080885972,0.060616608,0.048112058,0.003289452,0.12078845340601778
whole wheat rice,eggs,0.058525529929342755,0.17970937208372217,0.010931875749900012,0.18678815489749429,1.0393901705386532,1,0.00041429,1.008704721723378,0.040253228,0.048093841642228734,0.008629603,0.12380950771580945
eggs,whole wheat rice,0.17970937208372217,0.058525529929342755,0.010931875749900012,0.060830861,1.0393901705386532,1,0.00041429,1.0024546490167818,0.04619995,0.048093841642228734,0.002448638,0.12380950771580945
milk,green tea,0.12958272230369283,0.13211571790427942,0.017597654,0.1358024691358025,1.0279054702196313,1,0.000477739,1.0042660978536195,0.031189518,0.072091753,0.004247976,0.13450062911885988
green tea,milk,0.13211571790427942,0.12958272230369283,0.017597654,0.13319878910191726,1.027905470219631,1,0.000477739,1.0041717371327594,0.031280547,0.072091753,0.004154406,0.13450062911885988
tomatoes,french fries,0.068390881,0.1709105452606319,0.011998400213304892,0.17543859649122806,1.0264936913266005,1,0.000309677,1.0054914663860421,0.027704636519748166,0.052785924,0.005461475,0.12282070230177627
french fries,tomatoes,0.1709105452606319,0.068390881,0.011998400213304892,0.070202808,1.0264936913266005,1,0.000309677,1.0019487334574628,0.031130407,0.052785924,0.001944943,0.12282070230177627
chocolate,cake,0.1638448206905746,0.081055859,0.013598186908412212,0.082994304,1.0239149286968439,1,0.000317604,1.0021138855546856,0.027933048219287625,0.058789625360230545,0.002109426,0.125378731
cake,chocolate,0.081055859,0.1638448206905746,0.013598186908412212,0.16776315789473684,1.0239149286968436,1,0.000317604,1.004708199644527,0.025416521,0.058789625360230545,0.004686136,0.125378731
low fat yogurt,french fries,0.07652313,0.1709105452606319,0.013331555792560993,0.17421602787456447,1.0193404251849518,1,0.000252946,1.0040028418151843,0.020545691,0.056947608200455586,0.003986883,0.12610957399968475
french fries,low fat yogurt,0.1709105452606319,0.07652313,0.013331555792560993,0.07800312,1.0193404251849518,1,0.000252946,1.0016052005248708,0.022884708,0.056947608200455586,0.001602628,0.12610957399968475
olive oil,eggs,0.065857886,0.17970937208372217,0.011998400213304892,0.18218623481781376,1.0137826019053569,1,0.000163121,1.0030286390857457,0.014553700267986002,0.051369863,0.003019494,0.1244759067264143
eggs,olive oil,0.17970937208372217,0.065857886,0.011998400213304892,0.066765579,1.0137826019053569,1,0.000163121,1.0009726313121154,0.016573668,0.051369863,0.000971686,0.1244759067264143
escalope,spaghetti,0.079322757,0.17411011865084655,0.013998133582189041,0.17647058823529413,1.013557337176831,1,0.000187239,1.0028662844954006,0.014528429385075802,0.058463252,0.002858092,0.12843437528150617
spaghetti,escalope,0.17411011865084655,0.079322757,0.013998133582189041,0.080398162,1.013557337176831,1,0.000187239,1.0011694249814707,0.016195857,0.058463252,0.001168059,0.12843437528150617
